FrameNumber, ObjectNumber,Range,Velocity,PeakValue,x,y
0,0,1.575,-0.003905960962144464,0.0,-0.739417711387778,1.39064245875281
0,1,1.575,-0.003905960962144464,0.0,-0.739417711387778,1.39064245875281
0,2,1.575,-0.003905960962144464,0.0,-0.739417711387778,1.39064245875281
0,3,1.575,-0.003905960962144464,0.0,-0.739417711387778,1.39064245875281
0,4,1.575,-0.003905960962144464,0.0,-0.739417711387778,1.39064245875281
0,5,1.575,-0.003905960962144464,0.0,-0.5386817257379282,1.4800158777378056
0,6,1.575,-0.003905960962144464,0.0,-0.5386817257379282,1.4800158777378056
0,7,1.575,-0.003905960962144464,0.0,-0.5386817257379282,1.4800158777378056
0,8,1.575,-0.003905960962144464,0.0,-0.5386817257379282,1.4800158777378056
0,9,1.575,-0.003905960962144464,0.0,-0.5386817257379282,1.4800158777378056
0,10,1.575,-0.003905960962144464,0.0,-0.5386817257379282,1.4800158777378056
0,11,1.575,-0.003905960962144464,0.0,-0.5386817257379282,1.4800158777378056
0,12,1.575,-0.003905960962144464,0.0,-0.5386817257379282,1.4800158777378056
0,13,1.575,-0.003905960962144464,0.0,-0.5386817257379282,1.4800158777378056
0,14,1.575,-0.003905960962144464,0.0,-0.5386817257379282,1.4800158777378056
0,15,1.575,-0.003905960962144464,0.0,-0.5386817257379282,1.4800158777378056
0,16,1.575,-0.003905960962144464,0.0,-0.5386817257379282,1.4800158777378056
0,17,1.575,-0.003905960962144464,0.0,-0.5386817257379282,1.4800158777378056
0,18,1.575,-0.003905960962144464,0.0,-0.5386817257379282,1.4800158777378056
0,19,4.725,0.011717882886433393,0.0,4.091970032881472,2.3625000000000003
1,0,2.4,-0.011717882886433393,6364891000.0,-0.16741553698590073,2.394153720623578
1,1,2.4,-0.011717882886433393,6414962000.0,-0.8208483439816049,2.25526228988618
1,2,2.4,-0.00976490240536116,6512251000.0,0.8208483439816049,2.25526228988618
1,3,2.4,-0.011717882886433393,6534783500.0,-0.8208483439816049,2.25526228988618
1,4,2.4,-0.011717882886433393,6541654000.0,0.16741553698590073,2.394153720623578
1,5,2.4,-0.011717882886433393,6633513000.0,-0.16741553698590073,2.394153720623578
1,6,2.4,-0.011717882886433393,6643797500.0,0.16741553698590073,2.394153720623578
1,7,2.4,-0.011717882886433393,6684730000.0,-0.4989880579626224,2.3475542417611335
1,8,2.4,-0.00976490240536116,6786090000.0,1.4106846055019355,1.9416407864998737
1,9,2.4,-0.00976490240536116,6824726500.0,1.4106846055019355,1.9416407864998737
1,10,2.4,-0.011717882886433393,6851219500.0,-0.4989880579626224,2.3475542417611335
1,11,2.4,-0.00976490240536116,6859240400.0,1.1267317506861378,2.1190742228614248
1,12,2.4,-0.00976490240536116,6867741700.0,0.8208483439816049,2.25526228988618
1,13,2.4,-0.011717882886433393,6895705000.0,-0.16741553698590073,2.394153720623578
1,14,2.4,-0.00976490240536116,6921488400.0,1.1267317506861378,2.1190742228614248
1,15,2.4,-0.00976490240536116,6990528500.0,0.8208483439816049,2.25526228988618
1,16,2.4,-0.00976490240536116,7053537300.0,1.4106846055019355,1.9416407864998737
1,17,2.4,-0.00976490240536116,7115321300.0,0.8208483439816049,2.25526228988618
1,18,2.4,-0.00976490240536116,7313764400.0,1.1267317506861378,2.1190742228614248
1,19,2.4,-0.00976490240536116,7335614500.0,1.1267317506861378,2.1190742228614248
2,0,2.4,-0.011717882886433393,12869340000.0,1.4106846055019355,1.9416407864998737
2,1,2.4,-0.011717882886433393,13052234000.0,-0.16741553698590073,2.394153720623578
2,2,2.4,-0.011717882886433393,13156905000.0,0.4989880579626224,2.3475542417611335
2,3,2.4,-0.011717882886433393,13169565000.0,-0.16741553698590073,2.394153720623578
2,4,2.4,-0.011717882886433393,13659852000.0,-0.16741553698590073,2.394153720623578
2,5,2.4,-0.011717882886433393,13660629000.0,0.16741553698590073,2.394153720623578
2,6,2.4,-0.011717882886433393,13675563000.0,0.4989880579626224,2.3475542417611335
2,7,2.4,-0.011717882886433393,13816977000.0,1.1267317506861378,2.1190742228614248
2,8,2.4,-0.011717882886433393,13955185000.0,0.16741553698590073,2.394153720623578
2,9,2.4,-0.011717882886433393,13996655000.0,0.8208483439816049,2.25526228988618
2,10,2.4,-0.011717882886433393,14218291000.0,1.1267317506861378,2.1190742228614248
2,11,2.4,-0.011717882886433393,14501401000.0,0.8208483439816049,2.25526228988618
2,12,2.4,-0.011717882886433393,14616197000.0,1.1267317506861378,2.1190742228614248
2,13,2.4,-0.011717882886433393,14926164000.0,0.16741553698590073,2.394153720623578
2,14,2.4,-0.011717882886433393,15029598000.0,0.16741553698590073,2.394153720623578
2,15,2.4,-0.011717882886433393,15044415000.0,0.4989880579626224,2.3475542417611335
2,16,2.4,-0.011717882886433393,15325110000.0,0.4989880579626224,2.3475542417611335
2,17,2.4,-0.011717882886433393,15379976000.0,0.8208483439816049,2.25526228988618
2,18,2.4,-0.011717882886433393,15557222000.0,0.8208483439816049,2.25526228988618
2,19,2.4,-0.011717882886433393,15805802000.0,0.4989880579626224,2.3475542417611335
3,0,2.4,-0.00976490240536116,2526269400.0,-0.16741553698590073,2.394153720623578
3,1,2.4,-0.00976490240536116,2563055600.0,0.4989880579626224,2.3475542417611335
3,2,2.4,-0.00976490240536116,2614122500.0,1.6671800891015933,1.7264155208127627
3,3,2.4,-0.00976490240536116,2624145400.0,1.4106846055019355,1.9416407864998737
3,4,2.4,-0.00976490240536116,2677491700.0,1.6671800891015933,1.7264155208127627
3,5,2.4,-0.00976490240536116,2689753000.0,0.16741553698590073,2.394153720623578
3,6,2.4,-0.00976490240536116,2715854800.0,0.8208483439816049,2.25526228988618
3,7,2.4,-0.00976490240536116,2750298000.0,0.16741553698590073,2.394153720623578
3,8,2.4,-0.00976490240536116,2785489000.0,0.8208483439816049,2.25526228988618
3,9,2.4,-0.00976490240536116,2828388400.0,0.4989880579626224,2.3475542417611335
3,10,2.4,-0.00976490240536116,2847379500.0,1.4106846055019355,1.9416407864998737
3,11,2.4,-0.00976490240536116,2864801800.0,0.16741553698590073,2.394153720623578
3,12,2.4,-0.00976490240536116,2885384200.0,1.1267317506861378,2.1190742228614248
3,13,2.4,-0.00976490240536116,2916694000.0,1.4106846055019355,1.9416407864998737
3,14,2.4,-0.00976490240536116,2930186200.0,1.1267317506861378,2.1190742228614248
3,15,2.4,-0.00976490240536116,2967314400.0,0.4989880579626224,2.3475542417611335
3,16,2.4,-0.00976490240536116,3060424700.0,0.4989880579626224,2.3475542417611335
3,17,2.4,-0.00976490240536116,3083391000.0,0.8208483439816049,2.25526228988618
3,18,2.4,-0.00976490240536116,3090104300.0,1.1267317506861378,2.1190742228614248
3,19,2.4,-0.00976490240536116,3107883000.0,0.8208483439816049,2.25526228988618
4,0,2.4,-0.011717882886433393,3572052000.0,0.16741553698590073,2.394153720623578
4,1,2.4,-0.00976490240536116,3572319200.0,0.4989880579626224,2.3475542417611335
4,2,2.4,-0.00976490240536116,3609394200.0,0.16741553698590073,2.394153720623578
4,3,2.4,-0.011717882886433393,3635202000.0,0.4989880579626224,2.3475542417611335
4,4,2.4,-0.011717882886433393,3635847200.0,0.8208483439816049,2.25526228988618
4,5,2.4,-0.011717882886433393,3639941000.0,0.8208483439816049,2.25526228988618
4,6,2.4,-0.00976490240536116,3678055000.0,0.8208483439816049,2.25526228988618
4,7,2.4,-0.011717882886433393,3681489000.0,0.16741553698590073,2.394153720623578
4,8,2.4,-0.00976490240536116,3727160000.0,0.4989880579626224,2.3475542417611335
4,9,2.4,-0.011717882886433393,3733543000.0,0.16741553698590073,2.394153720623578
4,10,2.4,-0.00976490240536116,3767040800.0,1.1267317506861378,2.1190742228614248
4,11,2.4,-0.00976490240536116,3776961000.0,1.1267317506861378,2.1190742228614248
4,12,2.4,-0.011717882886433393,3792625700.0,0.4989880579626224,2.3475542417611335
4,13,2.4,-0.011717882886433393,3821004800.0,0.4989880579626224,2.3475542417611335
4,14,2.4,-0.00976490240536116,3864323000.0,0.8208483439816049,2.25526228988618
4,15,2.4,-0.00976490240536116,3936916000.0,1.1267317506861378,2.1190742228614248
4,16,2.4,-0.00976490240536116,3968938000.0,0.4989880579626224,2.3475542417611335
4,17,2.4,-0.00976490240536116,4023350800.0,0.4989880579626224,2.3475542417611335
4,18,2.4,-0.00976490240536116,4078675000.0,0.8208483439816049,2.25526228988618
4,19,2.4,-0.00976490240536116,4144102400.0,0.8208483439816049,2.25526228988618
5,0,2.4,-0.00976490240536116,4276627500.0,0.16741553698590073,2.394153720623578
5,1,2.4,-0.00976490240536116,4281184300.0,0.8208483439816049,2.25526228988618
5,2,2.4,-0.00976490240536116,4401416000.0,1.6671800891015933,1.7264155208127627
5,3,2.4,-0.00976490240536116,4407294000.0,1.4106846055019355,1.9416407864998737
5,4,2.4,-0.00976490240536116,4428006400.0,0.16741553698590073,2.394153720623578
5,5,2.4,-0.00976490240536116,4447320000.0,0.4989880579626224,2.3475542417611335
5,6,2.4,-0.00976490240536116,4608177000.0,1.4106846055019355,1.9416407864998737
5,7,2.4,-0.00976490240536116,4623673300.0,1.1267317506861378,2.1190742228614248
5,8,2.4,-0.00976490240536116,4654586000.0,0.8208483439816049,2.25526228988618
5,9,2.4,-0.00976490240536116,4656468000.0,0.4989880579626224,2.3475542417611335
5,10,2.4,-0.00976490240536116,4901208000.0,1.4106846055019355,1.9416407864998737
5,11,2.4,-0.00976490240536116,4927842300.0,0.4989880579626224,2.3475542417611335
5,12,2.4,-0.00976490240536116,4971718700.0,1.4106846055019355,1.9416407864998737
5,13,2.4,-0.00976490240536116,4990134300.0,1.1267317506861378,2.1190742228614248
5,14,2.4,-0.00976490240536116,4996563000.0,0.8208483439816049,2.25526228988618
5,15,2.4,-0.00976490240536116,5001271300.0,0.4989880579626224,2.3475542417611335
5,16,2.4,-0.00976490240536116,5180698600.0,1.1267317506861378,2.1190742228614248
5,17,2.4,-0.00976490240536116,5198657500.0,0.8208483439816049,2.25526228988618
5,18,2.4,-0.00976490240536116,5309391000.0,1.1267317506861378,2.1190742228614248
5,19,2.4,-0.00976490240536116,5318731000.0,0.8208483439816049,2.25526228988618
6,0,2.4,-0.010155498501575606,5197750000.0,1.1267317506861378,2.1190742228614248
6,1,2.4,-0.010155498501575606,5296319500.0,-0.16741553698590073,2.394153720623578
6,2,2.4,-0.010155498501575606,5401767000.0,0.8208483439816049,2.25526228988618
6,3,2.4,-0.010155498501575606,5498137600.0,1.4106846055019355,1.9416407864998737
6,4,2.4,-0.010155498501575606,5553411600.0,1.4106846055019355,1.9416407864998737
6,5,2.4,-0.010155498501575606,5662049300.0,-0.16741553698590073,2.394153720623578
6,6,2.4,-0.010155498501575606,5665064400.0,1.1267317506861378,2.1190742228614248
6,7,2.4,-0.010155498501575606,5693042000.0,0.4989880579626224,2.3475542417611335
6,8,2.4,-0.010155498501575606,5746454500.0,-0.16741553698590073,2.394153720623578
6,9,2.4,-0.010155498501575606,5815871500.0,0.4989880579626224,2.3475542417611335
6,10,2.4,-0.010155498501575606,5907267000.0,0.16741553698590073,2.394153720623578
6,11,2.4,-0.010155498501575606,5919288000.0,1.1267317506861378,2.1190742228614248
6,12,2.4,-0.010155498501575606,5948543000.0,0.16741553698590073,2.394153720623578
6,13,2.4,-0.010155498501575606,5968316400.0,0.8208483439816049,2.25526228988618
6,14,2.4,-0.010155498501575606,6083396000.0,1.1267317506861378,2.1190742228614248
6,15,2.4,-0.010155498501575606,6175547000.0,0.8208483439816049,2.25526228988618
6,16,2.4,-0.010155498501575606,6219595000.0,0.16741553698590073,2.394153720623578
6,17,2.4,-0.010155498501575606,6327148500.0,0.4989880579626224,2.3475542417611335
6,18,2.4,-0.010155498501575606,6370284500.0,0.4989880579626224,2.3475542417611335
6,19,2.4,-0.010155498501575606,6374493000.0,0.8208483439816049,2.25526228988618
7,0,2.4,-0.00976490240536116,5827285000.0,-0.4989880579626224,2.3475542417611335
7,1,2.4,-0.011717882886433393,5846891500.0,2.0784609690826525,1.2000000000000002
7,2,2.4,-0.00976490240536116,5856493600.0,0.16741553698590073,2.394153720623578
7,3,2.4,-0.011717882886433393,5858952000.0,-1.1267317506861378,2.1190742228614248
7,4,2.4,-0.011717882886433393,5874432000.0,-1.8912258086561327,1.47758754078158
7,5,2.4,-0.011717882886433393,5948123000.0,-0.8208483439816049,2.25526228988618
7,6,2.4,-0.011717882886433393,5991335400.0,-2.0784609690826525,1.2000000000000002
7,7,2.4,-0.00976490240536116,6000603000.0,0.16741553698590073,2.394153720623578
7,8,2.4,-0.00976490240536116,6040938500.0,-0.16741553698590073,2.394153720623578
7,9,2.4,-0.011717882886433393,6104477000.0,-1.1267317506861378,2.1190742228614248
7,10,2.4,-0.011717882886433393,6109686300.0,-2.0784609690826525,1.2000000000000002
7,11,2.4,-0.011717882886433393,6117742600.0,-1.4106846055019355,1.9416407864998737
7,12,2.4,-0.011717882886433393,6151975400.0,-1.6671800891015933,1.7264155208127627
7,13,2.4,-0.011717882886433393,6232754000.0,-1.4106846055019355,1.9416407864998737
7,14,2.4,-0.011717882886433393,6248193000.0,-1.1267317506861378,2.1190742228614248
7,15,2.4,-0.011717882886433393,6253444000.0,-1.8912258086561327,1.47758754078158
7,16,2.4,-0.011717882886433393,6256267000.0,-1.6671800891015933,1.7264155208127627
7,17,2.4,-0.011717882886433393,6277051000.0,-1.8912258086561327,1.47758754078158
7,18,2.4,-0.011717882886433393,6416061000.0,-1.4106846055019355,1.9416407864998737
7,19,2.4,-0.011717882886433393,6426199600.0,-1.6671800891015933,1.7264155208127627
8,0,2.4,-0.011717882886433393,8918663000.0,-0.4989880579626224,2.3475542417611335
8,1,2.4,-0.011717882886433393,9203554000.0,1.1267317506861378,2.1190742228614248
8,2,2.4,-0.011717882886433393,9363798000.0,0.4989880579626224,2.3475542417611335
8,3,2.4,-0.011717882886433393,9421287000.0,1.1267317506861378,2.1190742228614248
8,4,2.4,-0.011717882886433393,9465770000.0,0.4989880579626224,2.3475542417611335
8,5,2.4,-0.011717882886433393,9623607000.0,0.8208483439816049,2.25526228988618
8,6,2.4,-0.011717882886433393,9737589000.0,1.1267317506861378,2.1190742228614248
8,7,2.4,-0.011717882886433393,9770263000.0,-0.16741553698590073,2.394153720623578
8,8,2.4,-0.011717882886433393,9825608000.0,0.8208483439816049,2.25526228988618
8,9,2.4,-0.011717882886433393,9885991000.0,-0.16741553698590073,2.394153720623578
8,10,2.4,-0.011717882886433393,9997492000.0,0.16741553698590073,2.394153720623578
8,11,2.4,-0.011717882886433393,10042259000.0,0.16741553698590073,2.394153720623578
8,12,2.4,-0.011717882886433393,10237104000.0,-0.16741553698590073,2.394153720623578
8,13,2.4,-0.011717882886433393,10565716000.0,0.8208483439816049,2.25526228988618
8,14,2.4,-0.011717882886433393,10636654000.0,0.8208483439816049,2.25526228988618
8,15,2.4,-0.011717882886433393,10672716000.0,0.4989880579626224,2.3475542417611335
8,16,2.4,-0.011717882886433393,10727932000.0,0.4989880579626224,2.3475542417611335
8,17,2.4,-0.011717882886433393,10872414000.0,0.16741553698590073,2.394153720623578
8,18,2.4,-0.011717882886433393,10888139000.0,0.16741553698590073,2.394153720623578
8,19,2.4,-0.011717882886433393,11151751000.0,0.4989880579626224,2.3475542417611335
9,0,2.4,-0.010546094597790052,16115988000.0,1.6671800891015933,1.7264155208127627
9,1,2.4,-0.010546094597790052,16650776000.0,0.8208483439816049,2.25526228988618
9,2,2.4,-0.010546094597790052,16856537000.0,0.8208483439816049,2.25526228988618
9,3,2.4,-0.010546094597790052,17263809000.0,1.4106846055019355,1.9416407864998737
9,4,2.4,-0.010546094597790052,17440915000.0,0.16741553698590073,2.394153720623578
9,5,2.4,-0.010546094597790052,17533670000.0,1.1267317506861378,2.1190742228614248
9,6,2.4,-0.010546094597790052,17590108000.0,0.16741553698590073,2.394153720623578
9,7,2.4,-0.010546094597790052,17618754000.0,1.4106846055019355,1.9416407864998737
9,8,2.4,-0.010546094597790052,17764540000.0,0.4989880579626224,2.3475542417611335
9,9,2.4,-0.010546094597790052,17792540000.0,0.4989880579626224,2.3475542417611335
9,10,2.4,-0.010546094597790052,17878790000.0,1.1267317506861378,2.1190742228614248
9,11,2.4,-0.010546094597790052,18257730000.0,1.4106846055019355,1.9416407864998737
9,12,2.4,-0.010546094597790052,18299820000.0,0.16741553698590073,2.394153720623578
9,13,2.4,-0.010546094597790052,19165078000.0,0.8208483439816049,2.25526228988618
9,14,2.4,-0.010546094597790052,19276448000.0,0.8208483439816049,2.25526228988618
9,15,2.4,-0.010546094597790052,19328424000.0,1.1267317506861378,2.1190742228614248
9,16,2.4,-0.010546094597790052,19424276000.0,0.4989880579626224,2.3475542417611335
9,17,2.4,-0.010546094597790052,19434090000.0,0.4989880579626224,2.3475542417611335
9,18,2.4,-0.010546094597790052,19449594000.0,1.1267317506861378,2.1190742228614248
9,19,2.4,-0.010546094597790052,20087073000.0,0.8208483439816049,2.25526228988618
10,0,2.4,-0.010546094597790052,6253648000.0,1.6671800891015933,1.7264155208127627
10,1,2.4,-0.010546094597790052,6366391000.0,1.4106846055019355,1.9416407864998737
10,2,2.4,-0.010546094597790052,6426321400.0,1.4106846055019355,1.9416407864998737
10,3,2.4,-0.010546094597790052,6557788000.0,1.6671800891015933,1.7264155208127627
10,4,2.4,-0.010546094597790052,6573855000.0,0.4989880579626224,2.3475542417611335
10,5,2.4,-0.010546094597790052,6606275600.0,0.8208483439816049,2.25526228988618
10,6,2.4,-0.010546094597790052,6874268000.0,0.4989880579626224,2.3475542417611335
10,7,2.4,-0.010546094597790052,7118479000.0,0.4989880579626224,2.3475542417611335
10,8,2.4,-0.010546094597790052,7143890000.0,1.6671800891015933,1.7264155208127627
10,9,2.4,-0.010546094597790052,7191007700.0,1.1267317506861378,2.1190742228614248
10,10,2.4,-0.010546094597790052,7250687500.0,1.6671800891015933,1.7264155208127627
10,11,2.4,-0.010546094597790052,7348293600.0,0.8208483439816049,2.25526228988618
10,12,2.4,-0.010546094597790052,7402781700.0,1.1267317506861378,2.1190742228614248
10,13,2.4,-0.010546094597790052,7591564300.0,1.4106846055019355,1.9416407864998737
10,14,2.4,-0.010546094597790052,7623998500.0,1.4106846055019355,1.9416407864998737
10,15,2.4,-0.010546094597790052,7666876400.0,0.8208483439816049,2.25526228988618
10,16,2.4,-0.010546094597790052,7927436000.0,0.8208483439816049,2.25526228988618
10,17,2.4,-0.010546094597790052,8033174500.0,1.4106846055019355,1.9416407864998737
10,18,2.4,-0.010546094597790052,8104954000.0,1.1267317506861378,2.1190742228614248
10,19,2.4,-0.010546094597790052,8179322400.0,1.1267317506861378,2.1190742228614248
11,0,2.4,-0.011717882886433393,11223229000.0,1.4106846055019355,1.9416407864998737
11,1,2.4,-0.011717882886433393,11305657000.0,1.4106846055019355,1.9416407864998737
11,2,2.4,-0.011717882886433393,11441706000.0,-0.16741553698590073,2.394153720623578
11,3,2.4,-0.011717882886433393,11682286000.0,0.16741553698590073,2.394153720623578
11,4,2.4,-0.011717882886433393,12032326000.0,0.8208483439816049,2.25526228988618
11,5,2.4,-0.011717882886433393,12106330000.0,1.1267317506861378,2.1190742228614248
11,6,2.4,-0.011717882886433393,12195417000.0,0.4989880579626224,2.3475542417611335
11,7,2.4,-0.011717882886433393,12288467000.0,-0.16741553698590073,2.394153720623578
11,8,2.4,-0.011717882886433393,12422984000.0,-0.16741553698590073,2.394153720623578
11,9,2.4,-0.011717882886433393,12442507000.0,1.1267317506861378,2.1190742228614248
11,10,2.4,-0.011717882886433393,12754969000.0,0.8208483439816049,2.25526228988618
11,11,2.4,-0.011717882886433393,12782797000.0,0.16741553698590073,2.394153720623578
11,12,2.4,-0.011717882886433393,12892749000.0,1.1267317506861378,2.1190742228614248
11,13,2.4,-0.011717882886433393,13096584000.0,0.4989880579626224,2.3475542417611335
11,14,2.4,-0.011717882886433393,13233756000.0,0.16741553698590073,2.394153720623578
11,15,2.4,-0.011717882886433393,13521629000.0,0.8208483439816049,2.25526228988618
11,16,2.4,-0.011717882886433393,13620207000.0,0.16741553698590073,2.394153720623578
11,17,2.4,-0.011717882886433393,13736792000.0,0.4989880579626224,2.3475542417611335
11,18,2.4,-0.011717882886433393,13775392000.0,0.8208483439816049,2.25526228988618
11,19,2.4,-0.011717882886433393,14053248000.0,0.4989880579626224,2.3475542417611335
12,0,2.4,-0.011717882886433393,7605891000.0,0.8208483439816049,2.25526228988618
12,1,2.4,-0.010546094597790052,7665736700.0,0.4989880579626224,2.3475542417611335
12,2,2.4,-0.010546094597790052,7693768700.0,0.4989880579626224,2.3475542417611335
12,3,2.4,-0.011717882886433393,7709651000.0,0.4989880579626224,2.3475542417611335
12,4,2.4,-0.011717882886433393,7713431600.0,0.8208483439816049,2.25526228988618
12,5,2.4,-0.010546094597790052,7791912000.0,1.1267317506861378,2.1190742228614248
12,6,2.4,-0.010155498501575606,7839487500.0,0.4989880579626224,2.3475542417611335
12,7,2.4,-0.010155498501575606,8008055300.0,1.1267317506861378,2.1190742228614248
12,8,2.4,-0.010155498501575606,8009700400.0,0.16741553698590073,2.394153720623578
12,9,2.4,-0.010546094597790052,8071519700.0,0.4989880579626224,2.3475542417611335
12,10,2.4,-0.010546094597790052,8096557600.0,1.1267317506861378,2.1190742228614248
12,11,2.4,-0.010155498501575606,8121704000.0,1.1267317506861378,2.1190742228614248
12,12,2.4,-0.010546094597790052,8151831600.0,0.8208483439816049,2.25526228988618
12,13,2.4,-0.010155498501575606,8158220300.0,0.8208483439816049,2.25526228988618
12,14,2.4,-0.010155498501575606,8165233000.0,0.8208483439816049,2.25526228988618
12,15,2.4,-0.010155498501575606,8182479400.0,0.16741553698590073,2.394153720623578
12,16,2.4,-0.010546094597790052,8210725000.0,0.8208483439816049,2.25526228988618
12,17,2.4,-0.010155498501575606,8422605300.0,0.4989880579626224,2.3475542417611335
12,18,2.4,-0.010155498501575606,8529267000.0,0.4989880579626224,2.3475542417611335
12,19,2.4,-0.010155498501575606,8568593400.0,0.8208483439816049,2.25526228988618
13,0,2.4,-0.010155498501575606,2811360800.0,0.4989880579626224,2.3475542417611335
13,1,2.4,-0.00976490240536116,2814040600.0,1.4106846055019355,1.9416407864998737
13,2,2.4,-0.00976490240536116,2836009000.0,2.0784609690826525,1.2000000000000002
13,3,2.4,-0.010546094597790052,2854070300.0,0.8208483439816049,2.25526228988618
13,4,2.4,-0.00976490240536116,2858603500.0,-2.0784609690826525,1.2000000000000002
13,5,2.4,-0.010546094597790052,2888481800.0,1.1267317506861378,2.1190742228614248
13,6,2.4,-0.00976490240536116,2900399600.0,-2.0784609690826525,1.2000000000000002
13,7,2.4,-0.010155498501575606,2908191700.0,0.4989880579626224,2.3475542417611335
13,8,2.4,-0.010546094597790052,2920338400.0,0.8208483439816049,2.25526228988618
13,9,2.4,-0.010155498501575606,2931294200.0,0.8208483439816049,2.25526228988618
13,10,2.4,-0.00976490240536116,2954387200.0,1.8912258086561327,1.47758754078158
13,11,2.4,-0.010155498501575606,2959494700.0,0.8208483439816049,2.25526228988618
13,12,2.4,-0.00976490240536116,2961251300.0,1.4106846055019355,1.9416407864998737
13,13,2.4,-0.010155498501575606,2970254800.0,0.4989880579626224,2.3475542417611335
13,14,2.4,-0.00976490240536116,2993813800.0,1.8912258086561327,1.47758754078158
13,15,2.4,-0.00976490240536116,3022483700.0,2.0784609690826525,1.2000000000000002
13,16,2.4,-0.00976490240536116,3037794000.0,1.6671800891015933,1.7264155208127627
13,17,2.4,-0.00976490240536116,3047887600.0,1.6671800891015933,1.7264155208127627
13,18,2.4,-0.00976490240536116,3072018400.0,2.0784609690826525,1.2000000000000002
13,19,2.4,-0.00976490240536116,3138488800.0,1.8912258086561327,1.47758754078158
14,0,2.4,-0.011717882886433393,8839610000.0,0.8208483439816049,2.25526228988618
14,1,2.4,-0.011717882886433393,8874578000.0,1.1267317506861378,2.1190742228614248
14,2,2.4,-0.010155498501575606,8907976000.0,0.8208483439816049,2.25526228988618
14,3,2.4,-0.011717882886433393,8952297000.0,0.4989880579626224,2.3475542417611335
14,4,2.4,-0.011717882886433393,8985596000.0,0.8208483439816049,2.25526228988618
14,5,2.4,-0.011717882886433393,9045694000.0,0.16741553698590073,2.394153720623578
14,6,2.4,-0.010155498501575606,9086716000.0,0.16741553698590073,2.394153720623578
14,7,2.4,-0.011717882886433393,9127987000.0,0.4989880579626224,2.3475542417611335
14,8,2.4,-0.010155498501575606,9153333000.0,1.1267317506861378,2.1190742228614248
14,9,2.4,-0.010155498501575606,9196847000.0,0.4989880579626224,2.3475542417611335
14,10,2.4,-0.011717882886433393,9200800000.0,0.16741553698590073,2.394153720623578
14,11,2.4,-0.010155498501575606,9319985000.0,0.16741553698590073,2.394153720623578
14,12,2.4,-0.010155498501575606,9503519000.0,0.4989880579626224,2.3475542417611335
14,13,2.4,-0.011717882886433393,9542566000.0,0.8208483439816049,2.25526228988618
14,14,2.4,-0.010155498501575606,9559747000.0,0.8208483439816049,2.25526228988618
14,15,2.4,-0.011717882886433393,9593844000.0,0.8208483439816049,2.25526228988618
14,16,2.4,-0.010155498501575606,9633149000.0,0.8208483439816049,2.25526228988618
14,17,2.4,-0.011717882886433393,9653936000.0,0.4989880579626224,2.3475542417611335
14,18,2.4,-0.011717882886433393,9715638000.0,0.4989880579626224,2.3475542417611335
14,19,2.4,-0.010155498501575606,9751537000.0,0.4989880579626224,2.3475542417611335
15,0,2.4,-0.011717882886433393,13077070000.0,0.16741553698590073,2.394153720623578
15,1,2.4,-0.011717882886433393,13167127000.0,-0.16741553698590073,2.394153720623578
15,2,2.4,-0.010155498501575606,13177327000.0,0.8208483439816049,2.25526228988618
15,3,2.4,-0.010155498501575606,13240847000.0,1.1267317506861378,2.1190742228614248
15,4,2.4,-0.011717882886433393,13257765000.0,-0.16741553698590073,2.394153720623578
15,5,2.4,-0.011717882886433393,13279050000.0,0.8208483439816049,2.25526228988618
15,6,2.4,-0.011717882886433393,13294842000.0,0.4989880579626224,2.3475542417611335
15,7,2.4,-0.010155498501575606,13296740000.0,0.16741553698590073,2.394153720623578
15,8,2.4,-0.010155498501575606,13362061000.0,1.1267317506861378,2.1190742228614248
15,9,2.4,-0.011717882886433393,13669957000.0,0.8208483439816049,2.25526228988618
15,10,2.4,-0.010155498501575606,13754225000.0,0.4989880579626224,2.3475542417611335
15,11,2.4,-0.011717882886433393,13854845000.0,0.4989880579626224,2.3475542417611335
15,12,2.4,-0.011717882886433393,13859005000.0,-0.16741553698590073,2.394153720623578
15,13,2.4,-0.010155498501575606,13919350000.0,1.1267317506861378,2.1190742228614248
15,14,2.4,-0.010155498501575606,13942454000.0,0.8208483439816049,2.25526228988618
15,15,2.4,-0.010155498501575606,13962058000.0,0.4989880579626224,2.3475542417611335
15,16,2.4,-0.011717882886433393,14078840000.0,0.16741553698590073,2.394153720623578
15,17,2.4,-0.010155498501575606,14190591000.0,0.8208483439816049,2.25526228988618
15,18,2.4,-0.011717882886433393,14247950000.0,0.16741553698590073,2.394153720623578
15,19,2.4,-0.011717882886433393,14255401000.0,0.4989880579626224,2.3475542417611335
16,0,2.4,-0.00976490240536116,4328377300.0,0.16741553698590073,2.394153720623578
16,1,2.4,-0.010155498501575606,4335170600.0,-1.1267317506861378,2.1190742228614248
16,2,2.4,-0.010155498501575606,4350240300.0,-1.4106846055019355,1.9416407864998737
16,3,2.4,-0.010155498501575606,4366356500.0,-1.1267317506861378,2.1190742228614248
16,4,2.4,-0.00976490240536116,4370905000.0,0.8208483439816049,2.25526228988618
16,5,2.4,-0.010155498501575606,4406341600.0,-1.8912258086561327,1.47758754078158
16,6,2.4,-0.00976490240536116,4416796700.0,0.4989880579626224,2.3475542417611335
16,7,2.4,-0.010155498501575606,4429660000.0,-1.6671800891015933,1.7264155208127627
16,8,2.4,-0.00976490240536116,4440301600.0,1.1267317506861378,2.1190742228614248
16,9,2.4,-0.00976490240536116,4467121000.0,1.1267317506861378,2.1190742228614248
16,10,2.4,-0.00976490240536116,4500368400.0,0.8208483439816049,2.25526228988618
16,11,2.4,-0.010155498501575606,4529716000.0,-1.6671800891015933,1.7264155208127627
16,12,2.4,-0.010155498501575606,4561450000.0,-1.4106846055019355,1.9416407864998737
16,13,2.4,-0.00976490240536116,4607184000.0,1.1267317506861378,2.1190742228614248
16,14,2.4,-0.010155498501575606,4611853300.0,-1.4106846055019355,1.9416407864998737
16,15,2.4,-0.00976490240536116,4618516500.0,0.4989880579626224,2.3475542417611335
16,16,2.4,-0.010155498501575606,4625885700.0,-1.6671800891015933,1.7264155208127627
16,17,2.4,-0.00976490240536116,4687704000.0,0.4989880579626224,2.3475542417611335
16,18,2.4,-0.00976490240536116,4736454700.0,0.8208483439816049,2.25526228988618
16,19,2.4,-0.00976490240536116,4781893600.0,0.8208483439816049,2.25526228988618
17,0,2.4,-0.010546094597790052,7018271000.0,0.8208483439816049,2.25526228988618
17,1,2.4,-0.010546094597790052,7202589700.0,0.4989880579626224,2.3475542417611335
17,2,2.4,-0.010546094597790052,7207577600.0,0.4989880579626224,2.3475542417611335
17,3,2.4,-0.010546094597790052,7282399000.0,1.6671800891015933,1.7264155208127627
17,4,2.4,-0.010546094597790052,7298563000.0,0.8208483439816049,2.25526228988618
17,5,2.4,-0.010546094597790052,7382234600.0,1.4106846055019355,1.9416407864998737
17,6,2.4,-0.010546094597790052,7424275500.0,1.6671800891015933,1.7264155208127627
17,7,2.4,-0.010546094597790052,7677190000.0,1.1267317506861378,2.1190742228614248
17,8,2.4,-0.010546094597790052,7709563000.0,1.6671800891015933,1.7264155208127627
17,9,2.4,-0.010546094597790052,7819751400.0,1.4106846055019355,1.9416407864998737
17,10,2.4,-0.010546094597790052,7889069000.0,0.4989880579626224,2.3475542417611335
17,11,2.4,-0.010546094597790052,7890843000.0,0.4989880579626224,2.3475542417611335
17,12,2.4,-0.010546094597790052,8114185000.0,1.1267317506861378,2.1190742228614248
17,13,2.4,-0.010546094597790052,8140444700.0,0.8208483439816049,2.25526228988618
17,14,2.4,-0.010546094597790052,8258491000.0,1.4106846055019355,1.9416407864998737
17,15,2.4,-0.010546094597790052,8292115000.0,0.8208483439816049,2.25526228988618
17,16,2.4,-0.010546094597790052,8412114000.0,1.4106846055019355,1.9416407864998737
17,17,2.4,-0.010546094597790052,8563420000.0,1.1267317506861378,2.1190742228614248
17,18,2.4,-0.010546094597790052,8587764700.0,0.8208483439816049,2.25526228988618
17,19,2.4,-0.010546094597790052,8716859000.0,1.1267317506861378,2.1190742228614248
18,0,2.4,-0.010546094597790052,4594897000.0,1.4106846055019355,1.9416407864998737
18,1,2.4,-0.010546094597790052,4674742000.0,1.8912258086561327,1.47758754078158
18,2,2.4,-0.010546094597790052,4700899300.0,1.6671800891015933,1.7264155208127627
18,3,2.4,-0.010546094597790052,4723152000.0,0.4989880579626224,2.3475542417611335
18,4,2.4,-0.010546094597790052,4723223600.0,0.8208483439816049,2.25526228988618
18,5,2.4,-0.010546094597790052,4830384000.0,0.4989880579626224,2.3475542417611335
18,6,2.4,-0.010546094597790052,4907074600.0,1.6671800891015933,1.7264155208127627
18,7,2.4,-0.010546094597790052,4908288000.0,1.4106846055019355,1.9416407864998737
18,8,2.4,-0.010546094597790052,4981718000.0,1.1267317506861378,2.1190742228614248
18,9,2.4,-0.010546094597790052,5026782000.0,0.8208483439816049,2.25526228988618
18,10,2.4,-0.010546094597790052,5159896000.0,1.6671800891015933,1.7264155208127627
18,11,2.4,-0.010546094597790052,5231176700.0,0.8208483439816049,2.25526228988618
18,12,2.4,-0.010546094597790052,5232311300.0,1.6671800891015933,1.7264155208127627
18,13,2.4,-0.010546094597790052,5258533000.0,1.1267317506861378,2.1190742228614248
18,14,2.4,-0.010546094597790052,5267694600.0,1.4106846055019355,1.9416407864998737
18,15,2.4,-0.010546094597790052,5337782300.0,0.8208483439816049,2.25526228988618
18,16,2.4,-0.010546094597790052,5437292500.0,1.4106846055019355,1.9416407864998737
18,17,2.4,-0.010546094597790052,5491333000.0,1.1267317506861378,2.1190742228614248
18,18,2.4,-0.010546094597790052,5563520000.0,1.4106846055019355,1.9416407864998737
18,19,2.4,-0.010546094597790052,5588531000.0,1.1267317506861378,2.1190742228614248
19,0,2.4,-0.010546094597790052,2109251600.0,1.8912258086561327,1.47758754078158
19,1,2.4,-0.010546094597790052,2157107200.0,0.8208483439816049,2.25526228988618
19,2,2.4,-0.010546094597790052,2159044600.0,0.8208483439816049,2.25526228988618
19,3,2.4,-0.010546094597790052,2171337700.0,1.1267317506861378,2.1190742228614248
19,4,2.4,-0.010546094597790052,2185299000.0,1.8912258086561327,1.47758754078158
19,5,2.4,-0.010546094597790052,2200269800.0,1.6671800891015933,1.7264155208127627
19,6,2.4,-0.010546094597790052,2209431600.0,1.1267317506861378,2.1190742228614248
19,7,2.4,-0.010546094597790052,2221449200.0,1.8912258086561327,1.47758754078158
19,8,2.4,-0.010546094597790052,2323911700.0,0.8208483439816049,2.25526228988618
19,9,2.4,-0.010546094597790052,2324596700.0,0.8208483439816049,2.25526228988618
19,10,2.4,-0.010546094597790052,2348136400.0,1.4106846055019355,1.9416407864998737
19,11,2.4,-0.010546094597790052,2353045500.0,1.6671800891015933,1.7264155208127627
19,12,2.4,-0.010546094597790052,2404900900.0,1.4106846055019355,1.9416407864998737
19,13,2.4,-0.010546094597790052,2409120800.0,1.6671800891015933,1.7264155208127627
19,14,2.4,-0.010546094597790052,2427969500.0,1.1267317506861378,2.1190742228614248
19,15,2.4,-0.010546094597790052,2448558000.0,1.1267317506861378,2.1190742228614248
19,16,2.4,-0.010546094597790052,2462776300.0,1.6671800891015933,1.7264155208127627
19,17,2.4,-0.010546094597790052,2525290500.0,1.1267317506861378,2.1190742228614248
19,18,2.4,-0.010546094597790052,2535288800.0,1.4106846055019355,1.9416407864998737
19,19,2.4,-0.010546094597790052,2555217000.0,1.4106846055019355,1.9416407864998737
20,0,2.4,-0.00976490240536116,4685353000.0,0.16741553698590073,2.394153720623578
20,1,2.4,-0.00976490240536116,4690854000.0,0.16741553698590073,2.394153720623578
20,2,2.4,-0.00976490240536116,4693326000.0,0.8208483439816049,2.25526228988618
20,3,2.4,-0.00976490240536116,4707938300.0,0.8208483439816049,2.25526228988618
20,4,2.4,-0.011717882886433393,4713332700.0,1.1267317506861378,2.1190742228614248
20,5,2.4,-0.00976490240536116,4751321000.0,1.1267317506861378,2.1190742228614248
20,6,2.4,-0.011717882886433393,4752537600.0,0.8208483439816049,2.25526228988618
20,7,2.4,-0.00976490240536116,4771422000.0,1.1267317506861378,2.1190742228614248
20,8,2.4,-0.011717882886433393,4800176000.0,0.16741553698590073,2.394153720623578
20,9,2.4,-0.011717882886433393,4802500600.0,1.1267317506861378,2.1190742228614248
20,10,2.4,-0.011717882886433393,4806088700.0,0.8208483439816049,2.25526228988618
20,11,2.4,-0.00976490240536116,4881176600.0,0.4989880579626224,2.3475542417611335
20,12,2.4,-0.00976490240536116,4881612000.0,0.4989880579626224,2.3475542417611335
20,13,2.4,-0.011717882886433393,4923617300.0,0.4989880579626224,2.3475542417611335
20,14,2.4,-0.011717882886433393,4959225000.0,0.4989880579626224,2.3475542417611335
20,15,2.4,-0.00976490240536116,4967856000.0,1.1267317506861378,2.1190742228614248
20,16,2.4,-0.011717882886433393,5003923500.0,0.8208483439816049,2.25526228988618
20,17,2.4,-0.00976490240536116,5107438600.0,0.4989880579626224,2.3475542417611335
20,18,2.4,-0.00976490240536116,5130580000.0,0.8208483439816049,2.25526228988618
20,19,2.4,-0.00976490240536116,5135701500.0,0.8208483439816049,2.25526228988618
21,0,2.4,-0.00976490240536116,8693631000.0,1.1267317506861378,2.1190742228614248
21,1,2.4,-0.00976490240536116,8774922000.0,1.4106846055019355,1.9416407864998737
21,2,2.4,-0.00976490240536116,9038277000.0,-0.16741553698590073,2.394153720623578
21,3,2.4,-0.00976490240536116,9070406000.0,-0.16741553698590073,2.394153720623578
21,4,2.4,-0.00976490240536116,9275424000.0,0.4989880579626224,2.3475542417611335
21,5,2.4,-0.00976490240536116,9366092000.0,0.16741553698590073,2.394153720623578
21,6,2.4,-0.00976490240536116,9430938000.0,1.1267317506861378,2.1190742228614248
21,7,2.4,-0.00976490240536116,9531546000.0,0.8208483439816049,2.25526228988618
21,8,2.4,-0.00976490240536116,9580081000.0,0.16741553698590073,2.394153720623578
21,9,2.4,-0.00976490240536116,9661779000.0,-0.16741553698590073,2.394153720623578
21,10,2.4,-0.00976490240536116,10056562000.0,1.1267317506861378,2.1190742228614248
21,11,2.4,-0.00976490240536116,10232288000.0,0.8208483439816049,2.25526228988618
21,12,2.4,-0.00976490240536116,10315514000.0,1.1267317506861378,2.1190742228614248
21,13,2.4,-0.00976490240536116,10635417000.0,0.4989880579626224,2.3475542417611335
21,14,2.4,-0.00976490240536116,10681150000.0,0.16741553698590073,2.394153720623578
21,15,2.4,-0.00976490240536116,10756217000.0,0.16741553698590073,2.394153720623578
21,16,2.4,-0.00976490240536116,10956593000.0,0.4989880579626224,2.3475542417611335
21,17,2.4,-0.00976490240536116,10968744000.0,0.8208483439816049,2.25526228988618
21,18,2.4,-0.00976490240536116,11214852000.0,0.8208483439816049,2.25526228988618
21,19,2.4,-0.00976490240536116,11434174000.0,0.4989880579626224,2.3475542417611335
22,0,2.4,-0.00976490240536116,30058394000.0,0.8208483439816049,2.25526228988618
22,1,2.4,-0.00976490240536116,30348632000.0,-0.16741553698590073,2.394153720623578
22,2,2.4,-0.00976490240536116,30593653000.0,1.4106846055019355,1.9416407864998737
22,3,2.4,-0.00976490240536116,30786943000.0,-0.4989880579626224,2.3475542417611335
22,4,2.4,-0.00976490240536116,31344493000.0,1.1267317506861378,2.1190742228614248
22,5,2.4,-0.00976490240536116,31347851000.0,1.4106846055019355,1.9416407864998737
22,6,2.4,-0.00976490240536116,31485178000.0,0.4989880579626224,2.3475542417611335
22,7,2.4,-0.00976490240536116,32863832000.0,0.4989880579626224,2.3475542417611335
22,8,2.4,-0.00976490240536116,33018180000.0,-0.16741553698590073,2.394153720623578
22,9,2.4,-0.00976490240536116,33229033000.0,1.1267317506861378,2.1190742228614248
22,10,2.4,-0.00976490240536116,33258099000.0,-0.16741553698590073,2.394153720623578
22,11,2.4,-0.00976490240536116,33263393000.0,0.16741553698590073,2.394153720623578
22,12,2.4,-0.00976490240536116,33277240000.0,0.8208483439816049,2.25526228988618
22,13,2.4,-0.00976490240536116,33883638000.0,1.1267317506861378,2.1190742228614248
22,14,2.4,-0.00976490240536116,33987453000.0,0.16741553698590073,2.394153720623578
22,15,2.4,-0.00976490240536116,34415990000.0,0.8208483439816049,2.25526228988618
22,16,2.4,-0.00976490240536116,35321786000.0,0.16741553698590073,2.394153720623578
22,17,2.4,-0.00976490240536116,35328487000.0,0.4989880579626224,2.3475542417611335
22,18,2.4,-0.00976490240536116,35546284000.0,0.8208483439816049,2.25526228988618
22,19,2.4,-0.00976490240536116,35812610000.0,0.4989880579626224,2.3475542417611335
23,0,2.4,-0.00976490240536116,22139455000.0,0.16741553698590073,2.394153720623578
23,1,2.4,-0.00976490240536116,22177670000.0,1.4106846055019355,1.9416407864998737
23,2,2.4,-0.00976490240536116,22280825000.0,1.1267317506861378,2.1190742228614248
23,3,2.4,-0.00976490240536116,22508270000.0,1.4106846055019355,1.9416407864998737
23,4,2.4,-0.00976490240536116,23235670000.0,0.8208483439816049,2.25526228988618
23,5,2.4,-0.00976490240536116,23555885000.0,-0.16741553698590073,2.394153720623578
23,6,2.4,-0.00976490240536116,23816360000.0,1.1267317506861378,2.1190742228614248
23,7,2.4,-0.00976490240536116,23967689000.0,-0.16741553698590073,2.394153720623578
23,8,2.4,-0.00976490240536116,24893846000.0,0.4989880579626224,2.3475542417611335
23,9,2.4,-0.00976490240536116,25090355000.0,0.4989880579626224,2.3475542417611335
23,10,2.4,-0.00976490240536116,25093532000.0,1.1267317506861378,2.1190742228614248
23,11,2.4,-0.00976490240536116,25202868000.0,0.16741553698590073,2.394153720623578
23,12,2.4,-0.00976490240536116,25545617000.0,0.16741553698590073,2.394153720623578
23,13,2.4,-0.00976490240536116,25632766000.0,1.1267317506861378,2.1190742228614248
23,14,2.4,-0.00976490240536116,25931368000.0,0.8208483439816049,2.25526228988618
23,15,2.4,-0.00976490240536116,26539450000.0,0.8208483439816049,2.25526228988618
23,16,2.4,-0.00976490240536116,26621411000.0,0.16741553698590073,2.394153720623578
23,17,2.4,-0.00976490240536116,27455365000.0,0.4989880579626224,2.3475542417611335
23,18,2.4,-0.00976490240536116,27486070000.0,0.8208483439816049,2.25526228988618
23,19,2.4,-0.00976490240536116,27524460000.0,0.4989880579626224,2.3475542417611335
24,0,2.4,-0.00976490240536116,41561660000.0,0.8208483439816049,2.25526228988618
24,1,2.4,-0.00976490240536116,41739520000.0,1.4106846055019355,1.9416407864998737
24,2,2.4,-0.00976490240536116,41799746000.0,0.16741553698590073,2.394153720623578
24,3,2.4,-0.00976490240536116,41943760000.0,1.1267317506861378,2.1190742228614248
24,4,2.4,-0.00976490240536116,42129950000.0,-0.16741553698590073,2.394153720623578
24,5,2.4,-0.00976490240536116,42441070000.0,1.1267317506861378,2.1190742228614248
24,6,2.4,-0.00976490240536116,44743930000.0,-0.16741553698590073,2.394153720623578
24,7,2.4,-0.00976490240536116,45279375000.0,0.4989880579626224,2.3475542417611335
24,8,2.4,-0.00976490240536116,45329125000.0,-0.16741553698590073,2.394153720623578
24,9,2.4,-0.00976490240536116,45879534000.0,1.1267317506861378,2.1190742228614248
24,10,2.4,-0.00976490240536116,45912113000.0,0.4989880579626224,2.3475542417611335
24,11,2.4,-0.00976490240536116,46054150000.0,1.1267317506861378,2.1190742228614248
24,12,2.4,-0.00976490240536116,46427700000.0,0.16741553698590073,2.394153720623578
24,13,2.4,-0.00976490240536116,47235047000.0,0.16741553698590073,2.394153720623578
24,14,2.4,-0.00976490240536116,47297210000.0,0.8208483439816049,2.25526228988618
24,15,2.4,-0.00976490240536116,47344730000.0,0.8208483439816049,2.25526228988618
24,16,2.4,-0.00976490240536116,48860210000.0,0.16741553698590073,2.394153720623578
24,17,2.4,-0.00976490240536116,49358815000.0,0.8208483439816049,2.25526228988618
24,18,2.4,-0.00976490240536116,49551294000.0,0.4989880579626224,2.3475542417611335
24,19,2.4,-0.00976490240536116,49773412000.0,0.4989880579626224,2.3475542417611335
25,0,2.4,-0.010155498501575606,17727033000.0,1.1267317506861378,2.1190742228614248
25,1,2.4,-0.010155498501575606,17727541000.0,0.16741553698590073,2.394153720623578
25,2,2.4,-0.010155498501575606,17923682000.0,1.4106846055019355,1.9416407864998737
25,3,2.4,-0.010155498501575606,18051285000.0,1.4106846055019355,1.9416407864998737
25,4,2.4,-0.010155498501575606,18504307000.0,-0.16741553698590073,2.394153720623578
25,5,2.4,-0.010155498501575606,18544742000.0,-0.16741553698590073,2.394153720623578
25,6,2.4,-0.010155498501575606,18919563000.0,0.8208483439816049,2.25526228988618
25,7,2.4,-0.010155498501575606,19158560000.0,1.1267317506861378,2.1190742228614248
25,8,2.4,-0.010155498501575606,19345598000.0,0.4989880579626224,2.3475542417611335
25,9,2.4,-0.010155498501575606,19702480000.0,0.16741553698590073,2.394153720623578
25,10,2.4,-0.010155498501575606,19730553000.0,1.1267317506861378,2.1190742228614248
25,11,2.4,-0.010155498501575606,19912206000.0,0.16741553698590073,2.394153720623578
25,12,2.4,-0.010155498501575606,20058030000.0,0.4989880579626224,2.3475542417611335
25,13,2.4,-0.010155498501575606,20185057000.0,0.8208483439816049,2.25526228988618
25,14,2.4,-0.010155498501575606,20233232000.0,1.1267317506861378,2.1190742228614248
25,15,2.4,-0.010155498501575606,20605720000.0,0.16741553698590073,2.394153720623578
25,16,2.4,-0.010155498501575606,20937920000.0,0.8208483439816049,2.25526228988618
25,17,2.4,-0.010155498501575606,21195932000.0,0.4989880579626224,2.3475542417611335
25,18,2.4,-0.010155498501575606,21382296000.0,0.8208483439816049,2.25526228988618
25,19,2.4,-0.010155498501575606,21446103000.0,0.4989880579626224,2.3475542417611335
26,0,2.4,-0.010546094597790052,16531911000.0,1.1267317506861378,2.1190742228614248
26,1,2.4,-0.010546094597790052,16546013000.0,1.6671800891015933,1.7264155208127627
26,2,2.4,-0.010546094597790052,16725217000.0,0.8208483439816049,2.25526228988618
26,3,2.4,-0.010546094597790052,16727087000.0,0.4989880579626224,2.3475542417611335
26,4,2.4,-0.010546094597790052,16815640000.0,0.4989880579626224,2.3475542417611335
26,5,2.4,-0.010546094597790052,17224546000.0,1.6671800891015933,1.7264155208127627
26,6,2.4,-0.010546094597790052,17234944000.0,1.4106846055019355,1.9416407864998737
26,7,2.4,-0.010546094597790052,17315213000.0,0.8208483439816049,2.25526228988618
26,8,2.4,-0.010546094597790052,17794429000.0,1.4106846055019355,1.9416407864998737
26,9,2.4,-0.010546094597790052,17857366000.0,1.1267317506861378,2.1190742228614248
26,10,2.4,-0.010546094597790052,17982837000.0,0.4989880579626224,2.3475542417611335
26,11,2.4,-0.010546094597790052,18013915000.0,0.4989880579626224,2.3475542417611335
26,12,2.4,-0.010546094597790052,18798514000.0,0.8208483439816049,2.25526228988618
26,13,2.4,-0.010546094597790052,18823356000.0,1.4106846055019355,1.9416407864998737
26,14,2.4,-0.010546094597790052,18855203000.0,1.1267317506861378,2.1190742228614248
26,15,2.4,-0.010546094597790052,19019825000.0,1.4106846055019355,1.9416407864998737
26,16,2.4,-0.010546094597790052,19117826000.0,0.8208483439816049,2.25526228988618
26,17,2.4,-0.010546094597790052,19572531000.0,1.1267317506861378,2.1190742228614248
26,18,2.4,-0.010546094597790052,19638673000.0,0.8208483439816049,2.25526228988618
26,19,2.4,-0.010546094597790052,19922936000.0,1.1267317506861378,2.1190742228614248
27,0,2.4,-0.00976490240536116,14655930000.0,0.8208483439816049,2.25526228988618
27,1,2.4,-0.00976490240536116,14807436000.0,1.4106846055019355,1.9416407864998737
27,2,2.4,-0.00976490240536116,14968416000.0,1.1267317506861378,2.1190742228614248
27,3,2.4,-0.00976490240536116,15003967000.0,1.1267317506861378,2.1190742228614248
27,4,2.4,-0.00976490240536116,15477465000.0,0.16741553698590073,2.394153720623578
27,5,2.4,-0.00976490240536116,15633302000.0,0.16741553698590073,2.394153720623578
27,6,2.4,-0.00976490240536116,15716889000.0,1.4106846055019355,1.9416407864998737
27,7,2.4,-0.00976490240536116,15782826000.0,0.4989880579626224,2.3475542417611335
27,8,2.4,-0.00976490240536116,15877419000.0,1.4106846055019355,1.9416407864998737
27,9,2.4,-0.00976490240536116,16125944000.0,0.16741553698590073,2.394153720623578
27,10,2.4,-0.00976490240536116,16338748000.0,0.8208483439816049,2.25526228988618
27,11,2.4,-0.00976490240536116,16572228000.0,0.4989880579626224,2.3475542417611335
27,12,2.4,-0.00976490240536116,16808255000.0,1.1267317506861378,2.1190742228614248
27,13,2.4,-0.00976490240536116,16827482000.0,1.1267317506861378,2.1190742228614248
27,14,2.4,-0.00976490240536116,16850604000.0,0.8208483439816049,2.25526228988618
27,15,2.4,-0.00976490240536116,17244625000.0,0.4989880579626224,2.3475542417611335
27,16,2.4,-0.00976490240536116,17461076000.0,1.1267317506861378,2.1190742228614248
27,17,2.4,-0.00976490240536116,17521820000.0,0.4989880579626224,2.3475542417611335
27,18,2.4,-0.00976490240536116,17761423000.0,0.8208483439816049,2.25526228988618
27,19,2.4,-0.00976490240536116,17941137000.0,0.8208483439816049,2.25526228988618
28,0,2.4,-0.00976490240536116,21013467000.0,-0.16741553698590073,2.394153720623578
28,1,2.4,-0.00976490240536116,21237828000.0,0.4989880579626224,2.3475542417611335
28,2,2.4,-0.00976490240536116,21309841000.0,1.4106846055019355,1.9416407864998737
28,3,2.4,-0.00976490240536116,21389044000.0,0.16741553698590073,2.394153720623578
28,4,2.4,-0.00976490240536116,22287503000.0,0.8208483439816049,2.25526228988618
28,5,2.4,-0.00976490240536116,22331195000.0,1.1267317506861378,2.1190742228614248
28,6,2.4,-0.00976490240536116,22568583000.0,1.1267317506861378,2.1190742228614248
28,7,2.4,-0.00976490240536116,22785642000.0,0.8208483439816049,2.25526228988618
28,8,2.4,-0.00976490240536116,22994231000.0,0.16741553698590073,2.394153720623578
28,9,2.4,-0.00976490240536116,23441248000.0,0.16741553698590073,2.394153720623578
28,10,2.4,-0.00976490240536116,23533180000.0,0.4989880579626224,2.3475542417611335
28,11,2.4,-0.00976490240536116,23937296000.0,1.1267317506861378,2.1190742228614248
28,12,2.4,-0.00976490240536116,24004893000.0,0.16741553698590073,2.394153720623578
28,13,2.4,-0.00976490240536116,24020664000.0,1.1267317506861378,2.1190742228614248
28,14,2.4,-0.00976490240536116,24063547000.0,0.4989880579626224,2.3475542417611335
28,15,2.4,-0.00976490240536116,24717978000.0,0.8208483439816049,2.25526228988618
28,16,2.4,-0.00976490240536116,24987587000.0,0.8208483439816049,2.25526228988618
28,17,2.4,-0.00976490240536116,25305727000.0,0.4989880579626224,2.3475542417611335
28,18,2.4,-0.00976490240536116,25491956000.0,0.4989880579626224,2.3475542417611335
28,19,2.4,-0.00976490240536116,25666222000.0,0.8208483439816049,2.25526228988618
29,0,2.4,-0.010155498501575606,10492406000.0,0.16741553698590073,2.394153720623578
29,1,2.4,-0.010155498501575606,10492806000.0,0.4989880579626224,2.3475542417611335
29,2,2.4,-0.010155498501575606,10604861000.0,0.8208483439816049,2.25526228988618
29,3,2.4,-0.00976490240536116,10660241000.0,1.8912258086561327,1.47758754078158
29,4,2.4,-0.00976490240536116,10663373000.0,1.8912258086561327,1.47758754078158
29,5,2.4,-0.010155498501575606,10689702000.0,1.4106846055019355,1.9416407864998737
29,6,2.4,-0.010155498501575606,10724944000.0,1.4106846055019355,1.9416407864998737
29,7,2.4,-0.00976490240536116,10823569000.0,2.0784609690826525,1.2000000000000002
29,8,2.4,-0.010155498501575606,10895626000.0,0.4989880579626224,2.3475542417611335
29,9,2.4,-0.010155498501575606,10929309000.0,0.16741553698590073,2.394153720623578
29,10,2.4,-0.00976490240536116,10953862000.0,-2.0784609690826525,1.2000000000000002
29,11,2.4,-0.00976490240536116,11073701000.0,2.0784609690826525,1.2000000000000002
29,12,2.4,-0.010155498501575606,11110900000.0,1.1267317506861378,2.1190742228614248
29,13,2.4,-0.010155498501575606,11223898000.0,0.8208483439816049,2.25526228988618
29,14,2.4,-0.010155498501575606,11293043000.0,1.1267317506861378,2.1190742228614248
29,15,2.4,-0.010155498501575606,11549895000.0,0.4989880579626224,2.3475542417611335
29,16,2.4,-0.010155498501575606,11682811000.0,1.1267317506861378,2.1190742228614248
29,17,2.4,-0.010155498501575606,11691352000.0,0.4989880579626224,2.3475542417611335
29,18,2.4,-0.010155498501575606,11755111000.0,0.8208483439816049,2.25526228988618
29,19,2.4,-0.010155498501575606,11972490000.0,0.8208483439816049,2.25526228988618
30,0,2.4,-0.010155498501575606,23583195000.0,-0.8208483439816049,2.25526228988618
30,1,2.4,-0.010155498501575606,23842595000.0,0.4989880579626224,2.3475542417611335
30,2,2.4,-0.010155498501575606,23857033000.0,0.8208483439816049,2.25526228988618
30,3,2.4,-0.010155498501575606,24059957000.0,-0.4989880579626224,2.3475542417611335
30,4,2.4,-0.010155498501575606,24165605000.0,0.8208483439816049,2.25526228988618
30,5,2.4,-0.010155498501575606,24364806000.0,-0.16741553698590073,2.394153720623578
30,6,2.4,-0.010155498501575606,25590559000.0,-0.16741553698590073,2.394153720623578
30,7,2.4,-0.010155498501575606,25594266000.0,-0.4989880579626224,2.3475542417611335
30,8,2.4,-0.010155498501575606,26204705000.0,0.4989880579626224,2.3475542417611335
30,9,2.4,-0.010155498501575606,26318275000.0,-0.4989880579626224,2.3475542417611335
30,10,2.4,-0.010155498501575606,26388705000.0,0.4989880579626224,2.3475542417611335
30,11,2.4,-0.010155498501575606,26458653000.0,0.16741553698590073,2.394153720623578
30,12,2.4,-0.010155498501575606,26813469000.0,0.16741553698590073,2.394153720623578
30,13,2.4,-0.010155498501575606,26857056000.0,-0.4989880579626224,2.3475542417611335
30,14,2.4,-0.010155498501575606,27218178000.0,0.4989880579626224,2.3475542417611335
30,15,2.4,-0.010155498501575606,27328000000.0,-0.16741553698590073,2.394153720623578
30,16,2.4,-0.010155498501575606,27991372000.0,-0.16741553698590073,2.394153720623578
30,17,2.4,-0.010155498501575606,28437017000.0,0.16741553698590073,2.394153720623578
30,18,2.4,-0.010155498501575606,28561610000.0,0.16741553698590073,2.394153720623578
30,19,2.4,-0.010155498501575606,28601483000.0,-0.16741553698590073,2.394153720623578
31,0,2.4,-0.00976490240536116,43797316000.0,0.4989880579626224,2.3475542417611335
31,1,2.4,-0.00976490240536116,43938046000.0,1.1267317506861378,2.1190742228614248
31,2,2.4,-0.00976490240536116,44340773000.0,-0.4989880579626224,2.3475542417611335
31,3,2.4,-0.00976490240536116,45286875000.0,0.8208483439816049,2.25526228988618
31,4,2.4,-0.00976490240536116,46096730000.0,0.4989880579626224,2.3475542417611335
31,5,2.4,-0.00976490240536116,47050486000.0,-0.16741553698590073,2.394153720623578
31,6,2.4,-0.00976490240536116,47293560000.0,1.1267317506861378,2.1190742228614248
31,7,2.4,-0.00976490240536116,47694266000.0,1.1267317506861378,2.1190742228614248
31,8,2.4,-0.00976490240536116,47915710000.0,0.16741553698590073,2.394153720623578
31,9,2.4,-0.00976490240536116,48055165000.0,0.16741553698590073,2.394153720623578
31,10,2.4,-0.00976490240536116,48106578000.0,-0.16741553698590073,2.394153720623578
31,11,2.4,-0.00976490240536116,48691380000.0,0.8208483439816049,2.25526228988618
31,12,2.4,-0.00976490240536116,49722920000.0,-0.16741553698590073,2.394153720623578
31,13,2.4,-0.00976490240536116,50755250000.0,0.8208483439816049,2.25526228988618
31,14,2.4,-0.00976490240536116,50833015000.0,0.4989880579626224,2.3475542417611335
31,15,2.4,-0.00976490240536116,51950730000.0,0.8208483439816049,2.25526228988618
31,16,2.4,-0.00976490240536116,52077470000.0,0.4989880579626224,2.3475542417611335
31,17,2.4,-0.00976490240536116,52390730000.0,0.16741553698590073,2.394153720623578
31,18,2.4,-0.00976490240536116,52439683000.0,0.16741553698590073,2.394153720623578
31,19,2.4,-0.00976490240536116,53740618000.0,0.4989880579626224,2.3475542417611335
32,0,2.4,-0.00976490240536116,19940500000.0,1.4106846055019355,1.9416407864998737
32,1,2.4,-0.00976490240536116,20038337000.0,1.6671800891015933,1.7264155208127627
32,2,2.4,-0.00976490240536116,20470420000.0,0.4989880579626224,2.3475542417611335
32,3,2.4,-0.00976490240536116,20896416000.0,-0.16741553698590073,2.394153720623578
32,4,2.4,-0.00976490240536116,21093827000.0,0.8208483439816049,2.25526228988618
32,5,2.4,-0.00976490240536116,21114405000.0,-0.16741553698590073,2.394153720623578
32,6,2.4,-0.00976490240536116,21374410000.0,0.16741553698590073,2.394153720623578
32,7,2.4,-0.00976490240536116,21789557000.0,1.4106846055019355,1.9416407864998737
32,8,2.4,-0.00976490240536116,21815906000.0,1.4106846055019355,1.9416407864998737
32,9,2.4,-0.00976490240536116,22023418000.0,0.8208483439816049,2.25526228988618
32,10,2.4,-0.00976490240536116,22186578000.0,1.1267317506861378,2.1190742228614248
32,11,2.4,-0.00976490240536116,22188490000.0,0.4989880579626224,2.3475542417611335
32,12,2.4,-0.00976490240536116,22195724000.0,0.16741553698590073,2.394153720623578
32,13,2.4,-0.00976490240536116,22486647000.0,1.1267317506861378,2.1190742228614248
32,14,2.4,-0.00976490240536116,22825271000.0,0.16741553698590073,2.394153720623578
32,15,2.4,-0.00976490240536116,23144497000.0,0.4989880579626224,2.3475542417611335
32,16,2.4,-0.00976490240536116,23383470000.0,1.1267317506861378,2.1190742228614248
32,17,2.4,-0.00976490240536116,23523439000.0,0.8208483439816049,2.25526228988618
32,18,2.4,-0.00976490240536116,23747780000.0,0.4989880579626224,2.3475542417611335
32,19,2.4,-0.00976490240536116,23849964000.0,0.8208483439816049,2.25526228988618
33,0,2.4,-0.00976490240536116,18737342000.0,-0.16741553698590073,2.394153720623578
33,1,2.4,-0.00976490240536116,18757210000.0,1.1267317506861378,2.1190742228614248
33,2,2.4,-0.00976490240536116,18807468000.0,-0.4989880579626224,2.3475542417611335
33,3,2.4,-0.00976490240536116,19175576000.0,-0.4989880579626224,2.3475542417611335
33,4,2.4,-0.00976490240536116,19194345000.0,0.8208483439816049,2.25526228988618
33,5,2.4,-0.00976490240536116,19255083000.0,0.4989880579626224,2.3475542417611335
33,6,2.4,-0.00976490240536116,19356504000.0,0.4989880579626224,2.3475542417611335
33,7,2.4,-0.00976490240536116,19663905000.0,0.8208483439816049,2.25526228988618
33,8,2.4,-0.00976490240536116,20350610000.0,-0.16741553698590073,2.394153720623578
33,9,2.4,-0.00976490240536116,20543394000.0,0.16741553698590073,2.394153720623578
33,10,2.4,-0.00976490240536116,20828742000.0,-0.16741553698590073,2.394153720623578
33,11,2.4,-0.00976490240536116,20856662000.0,0.16741553698590073,2.394153720623578
33,12,2.4,-0.00976490240536116,20867430000.0,0.8208483439816049,2.25526228988618
33,13,2.4,-0.00976490240536116,21032303000.0,0.8208483439816049,2.25526228988618
33,14,2.4,-0.00976490240536116,21395240000.0,-0.16741553698590073,2.394153720623578
33,15,2.4,-0.00976490240536116,21604674000.0,0.4989880579626224,2.3475542417611335
33,16,2.4,-0.00976490240536116,21659525000.0,0.4989880579626224,2.3475542417611335
33,17,2.4,-0.00976490240536116,22267510000.0,0.16741553698590073,2.394153720623578
33,18,2.4,-0.00976490240536116,22377492000.0,0.16741553698590073,2.394153720623578
33,19,2.4,-0.00976490240536116,22448982000.0,0.4989880579626224,2.3475542417611335
34,0,2.4,-0.00976490240536116,10280847000.0,0.8208483439816049,2.25526228988618
34,1,2.4,-0.00976490240536116,10702195000.0,-0.16741553698590073,2.394153720623578
34,2,2.4,-0.00976490240536116,10737062000.0,-0.16741553698590073,2.394153720623578
34,3,2.4,-0.00976490240536116,11069610000.0,1.1267317506861378,2.1190742228614248
34,4,2.4,-0.00976490240536116,11082602000.0,0.4989880579626224,2.3475542417611335
34,5,2.4,-0.00976490240536116,11093305000.0,-0.16741553698590073,2.394153720623578
34,6,2.4,-0.00976490240536116,11265348000.0,1.1267317506861378,2.1190742228614248
34,7,2.4,-0.00976490240536116,11312982000.0,0.4989880579626224,2.3475542417611335
34,8,2.4,-0.00976490240536116,11355075000.0,0.16741553698590073,2.394153720623578
34,9,2.4,-0.00976490240536116,11473193000.0,0.16741553698590073,2.394153720623578
34,10,2.4,-0.00976490240536116,11508062000.0,0.8208483439816049,2.25526228988618
34,11,2.4,-0.00976490240536116,11571184000.0,1.1267317506861378,2.1190742228614248
34,12,2.4,-0.00976490240536116,11745139000.0,0.8208483439816049,2.25526228988618
34,13,2.4,-0.00976490240536116,12187648000.0,0.16741553698590073,2.394153720623578
34,14,2.4,-0.00976490240536116,12229167000.0,0.16741553698590073,2.394153720623578
34,15,2.4,-0.00976490240536116,12333392000.0,0.4989880579626224,2.3475542417611335
34,16,2.4,-0.00976490240536116,12409252000.0,0.8208483439816049,2.25526228988618
34,17,2.4,-0.00976490240536116,12458101000.0,0.4989880579626224,2.3475542417611335
34,18,2.4,-0.00976490240536116,12492356000.0,0.8208483439816049,2.25526228988618
34,19,2.4,-0.00976490240536116,12816376000.0,0.4989880579626224,2.3475542417611335
35,0,2.4,-0.009374306309146714,3999772700.0,1.1267317506861378,2.1190742228614248
35,1,2.4,-0.010155498501575606,4019912200.0,-0.16741553698590073,2.394153720623578
35,2,2.4,-0.009374306309146714,4028598500.0,0.8208483439816049,2.25526228988618
35,3,2.4,-0.009374306309146714,4034279700.0,0.4989880579626224,2.3475542417611335
35,4,2.4,-0.009374306309146714,4041826300.0,1.1267317506861378,2.1190742228614248
35,5,2.4,-0.010155498501575606,4051233800.0,1.1267317506861378,2.1190742228614248
35,6,2.4,-0.009374306309146714,4081794600.0,0.8208483439816049,2.25526228988618
35,7,2.4,-0.009374306309146714,4084443100.0,0.4989880579626224,2.3475542417611335
35,8,2.4,-0.010155498501575606,4102072800.0,0.16741553698590073,2.394153720623578
35,9,2.4,-0.009374306309146714,4107120000.0,1.1267317506861378,2.1190742228614248
35,10,2.4,-0.010155498501575606,4143765000.0,-0.16741553698590073,2.394153720623578
35,11,2.4,-0.009374306309146714,4239303000.0,0.8208483439816049,2.25526228988618
35,12,2.4,-0.009374306309146714,4257982500.0,0.8208483439816049,2.25526228988618
35,13,2.4,-0.010155498501575606,4282497000.0,0.4989880579626224,2.3475542417611335
35,14,2.4,-0.010155498501575606,4360766000.0,0.8208483439816049,2.25526228988618
35,15,2.4,-0.010155498501575606,4423868000.0,0.8208483439816049,2.25526228988618
35,16,2.4,-0.010155498501575606,4427665400.0,0.16741553698590073,2.394153720623578
35,17,2.4,-0.010155498501575606,4441718000.0,0.4989880579626224,2.3475542417611335
35,18,2.4,-0.010155498501575606,4523780000.0,0.16741553698590073,2.394153720623578
35,19,2.4,-0.010155498501575606,4643458600.0,0.4989880579626224,2.3475542417611335
36,0,2.4,-0.00976490240536116,7714052000.0,1.1267317506861378,2.1190742228614248
36,1,2.4,-0.00976490240536116,7725436000.0,1.4106846055019355,1.9416407864998737
36,2,2.4,-0.00976490240536116,7787888600.0,1.4106846055019355,1.9416407864998737
36,3,2.4,-0.00976490240536116,7947589600.0,0.4989880579626224,2.3475542417611335
36,4,2.4,-0.010546094597790052,8065895400.0,0.16741553698590073,2.394153720623578
36,5,2.4,-0.010546094597790052,8091772400.0,0.4989880579626224,2.3475542417611335
36,6,2.4,-0.010546094597790052,8134076400.0,-0.16741553698590073,2.394153720623578
36,7,2.4,-0.00976490240536116,8162271000.0,0.16741553698590073,2.394153720623578
36,8,2.4,-0.010546094597790052,8170312700.0,-0.16741553698590073,2.394153720623578
36,9,2.4,-0.010546094597790052,8209127000.0,0.4989880579626224,2.3475542417611335
36,10,2.4,-0.00976490240536116,8214698000.0,1.1267317506861378,2.1190742228614248
36,11,2.4,-0.010546094597790052,8219465700.0,0.16741553698590073,2.394153720623578
36,12,2.4,-0.00976490240536116,8227576000.0,0.16741553698590073,2.394153720623578
36,13,2.4,-0.00976490240536116,8270790700.0,0.8208483439816049,2.25526228988618
36,14,2.4,-0.00976490240536116,8286781400.0,0.8208483439816049,2.25526228988618
36,15,2.4,-0.00976490240536116,8403775500.0,1.1267317506861378,2.1190742228614248
36,16,2.4,-0.00976490240536116,8467095600.0,0.4989880579626224,2.3475542417611335
36,17,2.4,-0.010546094597790052,8473026600.0,0.16741553698590073,2.394153720623578
36,18,2.4,-0.00976490240536116,8640188000.0,0.4989880579626224,2.3475542417611335
36,19,2.4,-0.00976490240536116,8724978000.0,0.8208483439816049,2.25526228988618
37,0,2.4,-0.00976490240536116,13942777000.0,0.8208483439816049,2.25526228988618
37,1,2.4,-0.00976490240536116,13947761000.0,1.4106846055019355,1.9416407864998737
37,2,2.4,-0.00976490240536116,14179836000.0,0.4989880579626224,2.3475542417611335
37,3,2.4,-0.00976490240536116,14325359000.0,-0.16741553698590073,2.394153720623578
37,4,2.4,-0.00976490240536116,14358719000.0,1.1267317506861378,2.1190742228614248
37,5,2.4,-0.00976490240536116,14636700000.0,0.16741553698590073,2.394153720623578
37,6,2.4,-0.00976490240536116,14684660000.0,1.1267317506861378,2.1190742228614248
37,7,2.4,-0.00976490240536116,14697372000.0,0.16741553698590073,2.394153720623578
37,8,2.4,-0.00976490240536116,14807615000.0,0.4989880579626224,2.3475542417611335
37,9,2.4,-0.00976490240536116,14965354000.0,0.8208483439816049,2.25526228988618
37,10,2.4,-0.00976490240536116,15570324000.0,1.1267317506861378,2.1190742228614248
37,11,2.4,-0.00976490240536116,15684842000.0,1.1267317506861378,2.1190742228614248
37,12,2.4,-0.00976490240536116,15832979000.0,0.16741553698590073,2.394153720623578
37,13,2.4,-0.00976490240536116,15854211000.0,0.16741553698590073,2.394153720623578
37,14,2.4,-0.00976490240536116,15872250000.0,0.8208483439816049,2.25526228988618
37,15,2.4,-0.00976490240536116,16057631000.0,0.4989880579626224,2.3475542417611335
37,16,2.4,-0.00976490240536116,16397413000.0,0.4989880579626224,2.3475542417611335
37,17,2.4,-0.00976490240536116,16425646000.0,0.8208483439816049,2.25526228988618
37,18,2.4,-0.00976490240536116,16744183000.0,0.8208483439816049,2.25526228988618
37,19,2.4,-0.00976490240536116,16836358000.0,0.4989880579626224,2.3475542417611335
38,0,2.4,-0.00976490240536116,7288305700.0,-0.16741553698590073,2.394153720623578
38,1,2.4,-0.00976490240536116,7952111600.0,0.4989880579626224,2.3475542417611335
38,2,2.4,-0.00976490240536116,7983835000.0,1.1267317506861378,2.1190742228614248
38,3,2.4,-0.00976490240536116,8101448000.0,0.4989880579626224,2.3475542417611335
38,4,2.4,-0.00976490240536116,8273957400.0,-0.16741553698590073,2.394153720623578
38,5,2.4,-0.00976490240536116,8291842000.0,1.1267317506861378,2.1190742228614248
38,6,2.4,-0.00976490240536116,8306831400.0,0.8208483439816049,2.25526228988618
38,7,2.4,-0.00976490240536116,8432553000.0,-0.16741553698590073,2.394153720623578
38,8,2.4,-0.00976490240536116,8594631000.0,0.8208483439816049,2.25526228988618
38,9,2.4,-0.00976490240536116,8648864000.0,0.16741553698590073,2.394153720623578
38,10,2.4,-0.00976490240536116,8673591000.0,1.1267317506861378,2.1190742228614248
38,11,2.4,-0.00976490240536116,8706392000.0,0.16741553698590073,2.394153720623578
38,12,2.4,-0.00976490240536116,8778644000.0,-0.16741553698590073,2.394153720623578
38,13,2.4,-0.00976490240536116,9456129000.0,0.8208483439816049,2.25526228988618
38,14,2.4,-0.00976490240536116,9467695000.0,0.4989880579626224,2.3475542417611335
38,15,2.4,-0.00976490240536116,9548505000.0,0.4989880579626224,2.3475542417611335
38,16,2.4,-0.00976490240536116,9557192000.0,0.8208483439816049,2.25526228988618
38,17,2.4,-0.00976490240536116,9613148000.0,0.16741553698590073,2.394153720623578
38,18,2.4,-0.00976490240536116,9633273000.0,0.16741553698590073,2.394153720623578
38,19,2.4,-0.00976490240536116,10028285000.0,0.4989880579626224,2.3475542417611335
39,0,2.4,-0.010155498501575606,12766368000.0,-0.4989880579626224,2.3475542417611335
39,1,2.4,-0.00976490240536116,12854145000.0,1.8912258086561327,1.47758754078158
39,2,2.4,-0.010155498501575606,12888497000.0,-0.8208483439816049,2.25526228988618
39,3,2.4,-0.010155498501575606,12919762000.0,1.1267317506861378,2.1190742228614248
39,4,2.4,-0.010155498501575606,12920863000.0,1.1267317506861378,2.1190742228614248
39,5,2.4,-0.010155498501575606,12945037000.0,-0.16741553698590073,2.394153720623578
39,6,2.4,-0.010155498501575606,13041283000.0,0.8208483439816049,2.25526228988618
39,7,2.4,-0.010155498501575606,13261426000.0,-0.16741553698590073,2.394153720623578
39,8,2.4,-0.010155498501575606,13599850000.0,-0.4989880579626224,2.3475542417611335
39,9,2.4,-0.010155498501575606,13812552000.0,0.8208483439816049,2.25526228988618
39,10,2.4,-0.010155498501575606,13835235000.0,-0.4989880579626224,2.3475542417611335
39,11,2.4,-0.010155498501575606,13937325000.0,0.4989880579626224,2.3475542417611335
39,12,2.4,-0.010155498501575606,13996866000.0,0.16741553698590073,2.394153720623578
39,13,2.4,-0.010155498501575606,14023688000.0,0.8208483439816049,2.25526228988618
39,14,2.4,-0.010155498501575606,14190385000.0,0.4989880579626224,2.3475542417611335
39,15,2.4,-0.010155498501575606,14367007000.0,-0.16741553698590073,2.394153720623578
39,16,2.4,-0.010155498501575606,14402858000.0,0.16741553698590073,2.394153720623578
39,17,2.4,-0.010155498501575606,14478112000.0,-0.16741553698590073,2.394153720623578
39,18,2.4,-0.010155498501575606,14707488000.0,0.4989880579626224,2.3475542417611335
39,19,2.4,-0.010155498501575606,14867058000.0,0.16741553698590073,2.394153720623578
40,0,2.4,-0.00976490240536116,12557672000.0,0.16741553698590073,2.394153720623578
40,1,2.4,-0.010155498501575606,12609841000.0,0.4989880579626224,2.3475542417611335
40,2,2.4,-0.00976490240536116,12669058000.0,0.8208483439816049,2.25526228988618
40,3,2.4,-0.010155498501575606,12682325000.0,-0.16741553698590073,2.394153720623578
40,4,2.4,-0.010155498501575606,12750131000.0,0.16741553698590073,2.394153720623578
40,5,2.4,-0.00976490240536116,12915495000.0,0.16741553698590073,2.394153720623578
40,6,2.4,-0.00976490240536116,12981137000.0,1.4106846055019355,1.9416407864998737
40,7,2.4,-0.010155498501575606,13062958000.0,-0.16741553698590073,2.394153720623578
40,8,2.4,-0.00976490240536116,13114784000.0,1.4106846055019355,1.9416407864998737
40,9,2.4,-0.010155498501575606,13125564000.0,0.16741553698590073,2.394153720623578
40,10,2.4,-0.00976490240536116,13170613000.0,0.4989880579626224,2.3475542417611335
40,11,2.4,-0.00976490240536116,13205324000.0,0.8208483439816049,2.25526228988618
40,12,2.4,-0.00976490240536116,13397082000.0,0.16741553698590073,2.394153720623578
40,13,2.4,-0.00976490240536116,13437849000.0,1.1267317506861378,2.1190742228614248
40,14,2.4,-0.00976490240536116,13492541000.0,1.1267317506861378,2.1190742228614248
40,15,2.4,-0.00976490240536116,13840526000.0,0.4989880579626224,2.3475542417611335
40,16,2.4,-0.00976490240536116,14142014000.0,1.1267317506861378,2.1190742228614248
40,17,2.4,-0.00976490240536116,14194229000.0,0.4989880579626224,2.3475542417611335
40,18,2.4,-0.00976490240536116,14208547000.0,0.8208483439816049,2.25526228988618
40,19,2.4,-0.00976490240536116,14396860000.0,0.8208483439816049,2.25526228988618
